id,first_name,last_name,country_code,last_updated_dt
1,Michael,P.,BR,2024-05-19
2,Shawn,M.,GB,2024-05-19
3,Kathleen,P.,US,2024-05-19
4,Jimmy,C.,JP,2024-05-19
5,Katherine,R.,CN,2024-05-19
6,Sarah,R.,DE,2024-05-19
7,Martin,M.,BR,2024-05-19
8,Frank,R.,CN,2024-05-19
9,Jennifer,F.,US,2024-05-19
10,Henry,W.,IT,2024-05-19
11,Fred,S.,BR,2024-05-19
12,Amy,D.,JP,2024-05-19
13,Kathleen,M.,DE,2024-05-19
14,Steve,F.,IN,2024-05-19
15,Teresa,H.,IT,2024-05-19
16,Amanda,H.,US,2024-05-19
17,Kimberly,R.,GB,2024-05-19
18,Johnny,K.,CA,2024-05-19
19,Virginia,F.,CA,2024-05-19
20,Anna,A.,CA,2024-05-19
21,Willie,H.,CN,2024-05-19
22,Sean,H.,JP,2024-05-19
23,Mildred,A.,IT,2024-05-19
24,David,G.,DE,2024-05-19
25,Victor,H.,IT,2024-05-19
26,Aaron,R.,JP,2024-05-19
27,Benjamin,B.,IT,2024-05-19
28,Lisa,W.,JP,2024-05-19
29,Benjamin,K.,IN,2024-05-19
30,Christina,W.,DE,2024-05-19
31,Jane,G.,BR,2024-05-19
32,Thomas,O.,IT,2024-05-19
33,Katherine,M.,IN,2024-05-19
34,Jennifer,S.,BR,2024-05-19
35,Sara,T.,GB,2024-05-19
36,Harold,O.,FR,2024-05-19
37,Shirley,J.,US,2024-05-19
38,Dennis,J.,CN,2024-05-19
39,Louise,W.,FR,2024-05-19
40,Maria,A.,JP,2024-05-19
41,Gloria,C.,JP,2024-05-19
42,Diana,S.,US,2024-05-19
43,Kelly,N.,US,2024-05-19
44,Jane,R.,IN,2024-05-19
45,Scott,B.,IN,2024-05-19
46,Norma,C.,FR,2024-05-19
47,Marie,P.,JP,2024-05-19
48,Lillian,C.,JP,2024-05-19
49,Judy,N.,CN,2024-05-19
50,Billy,L.,US,2024-05-19
51,Howard,R.,IN,2024-05-19
52,Laura,F.,IT,2024-05-19
53,Anne,B.,CA,2024-05-19
54,Rose,M.,FR,2024-05-19
55,Nicholas,R.,CN,2024-05-19
56,Joshua,K.,IN,2024-05-19
57,Paul,W.,CN,2024-05-19
58,Kathryn,K.,CN,2024-05-19
59,Adam,A.,BR,2024-05-19
60,Norma,W.,CN,2024-05-19
61,Timothy,R.,FR,2024-05-19
62,Elizabeth,P.,CA,2024-05-19
63,Edward,G.,GB,2024-05-19
64,David,C.,IT,2024-05-19
65,Brenda,W.,IN,2024-05-19
66,Adam,W.,FR,2024-05-19
67,Michael,H.,JP,2024-05-19
68,Jesse,E.,DE,2024-05-19
69,Janet,P.,DE,2024-05-19
70,Helen,F.,CA,2024-05-19
71,Gerald,C.,DE,2024-05-19
72,Kathryn,O.,FR,2024-05-19
73,Alan,B.,US,2024-05-19
74,Harry,A.,DE,2024-05-19
75,Andrea,H.,CA,2024-05-19
76,Barbara,W.,GB,2024-05-19
77,Anne,W.,DE,2024-05-19
78,Harry,H.,GB,2024-05-19
79,Jack,R.,IN,2024-05-19
80,Phillip,H.,IN,2024-05-19
81,Shirley,H.,DE,2024-05-19
82,Arthur,D.,GB,2024-05-19
83,Virginia,R.,IT,2024-05-19
84,Christina,R.,US,2024-05-19
85,Theresa,M.,CA,2024-05-19
86,Jason,C.,JP,2024-05-19
87,Phillip,B.,IT,2024-05-19
88,Adam,T.,BR,2024-05-19
89,Margaret,J.,US,2024-05-19
90,Paul,P.,CA,2024-05-19
91,Todd,W.,CA,2024-05-19
92,Willie,O.,US,2024-05-19
93,Frances,R.,BR,2024-05-19
94,Gregory,H.,IT,2024-05-19
95,Lisa,P.,DE,2024-05-19
96,Jacqueline,A.,JP,2024-05-19
97,Shirley,D.,FR,2024-05-19
98,Nicole,M.,IT,2024-05-19
99,Mary,G.,CA,2024-05-19
100,Jean,M.,JP,2024-05-19